{
  "backprop" : true,
  "backpropType" : "Standard",
  "cacheMode" : "NONE",
  "defaultConfiguration" : {
    "cacheMode" : "NONE",
    "epochCount" : 0,
    "iterationCount" : 0,
    "layer" : null,
    "maxNumLineSearchIterations" : 5,
    "miniBatch" : true,
    "minimize" : true,
    "optimizationAlgo" : "STOCHASTIC_GRADIENT_DESCENT",
    "pretrain" : false,
    "seed" : 1234,
    "stepFunction" : null,
    "variables" : [ "block1_conv1_W", "block1_conv1_b", "block1_conv2_W", "block1_conv2_b", "block2_conv1_W", "block2_conv1_b", "block2_conv2_W", "block2_conv2_b", "block3_conv1_W", "block3_conv1_b", "block3_conv2_W", "block3_conv2_b", "block3_conv3_W", "block3_conv3_b", "dense_1_W", "dense_1_b", "lossLayer_W", "lossLayer_b", "lossLayer_cL" ]
  },
  "epochCount" : 0,
  "inferenceWorkspaceMode" : "ENABLED",
  "iterationCount" : 1400,
  "networkInputs" : [ "input_1" ],
  "networkOutputs" : [ "lossLayer" ],
  "pretrain" : false,
  "tbpttBackLength" : 20,
  "tbpttFwdLength" : 20,
  "topologicalOrder" : [ 0, 1, 2, 3, 4, 5, 6, 7, 8, 9, 10, 11, 13, 14, 12, 15 ],
  "topologicalOrderStr" : [ "input_1", "block1_conv1", "block1_conv2", "block1_pool", "block2_conv1", "block2_conv2", "block2_pool", "block3_conv1", "block3_conv2", "block3_conv3", "block3_pool", "flatten_1", "dense_1", "dropout", "embeddings", "lossLayer" ],
  "trainingWorkspaceMode" : "ENABLED",
  "vertexInputs" : {
    "block1_conv1" : [ "input_1" ],
    "block1_conv2" : [ "block1_conv1" ],
    "block1_pool" : [ "block1_conv2" ],
    "block2_conv1" : [ "block1_pool" ],
    "block2_conv2" : [ "block2_conv1" ],
    "block2_pool" : [ "block2_conv2" ],
    "block3_conv1" : [ "block2_pool" ],
    "block3_conv2" : [ "block3_conv1" ],
    "block3_conv3" : [ "block3_conv2" ],
    "block3_pool" : [ "block3_conv3" ],
    "flatten_1" : [ "block3_pool" ],
    "embeddings" : [ "dropout" ],
    "dense_1" : [ "flatten_1" ],
    "dropout" : [ "dense_1" ],
    "lossLayer" : [ "embeddings" ]
  },
  "vertices" : {
    "block1_conv1" : {
      "@class" : "org.deeplearning4j.nn.conf.graph.LayerVertex",
      "layerConf" : {
        "cacheMode" : null,
        "epochCount" : 0,
        "iterationCount" : 0,
        "layer" : {
          "@class" : "org.deeplearning4j.nn.conf.layers.ConvolutionLayer",
          "activationFn" : {
            "@class" : "org.nd4j.linalg.activations.impl.ActivationReLU"
          },
          "biasInit" : 0.0,
          "biasUpdater" : null,
          "constraints" : null,
          "convolutionMode" : "Same",
          "cudnnAlgoMode" : "PREFER_FASTEST",
          "cudnnAllowFallback" : true,
          "cudnnBwdDataAlgo" : null,
          "cudnnBwdFilterAlgo" : null,
          "cudnnFwdAlgo" : null,
          "dilation" : [ 1, 1 ],
          "dist" : null,
          "gradientNormalization" : "None",
          "gradientNormalizationThreshold" : 1.0,
          "hasBias" : true,
          "idropout" : null,
          "iupdater" : {
            "@class" : "org.nd4j.linalg.learning.config.Adam",
            "beta1" : 0.9,
            "beta2" : 0.999,
            "epsilon" : 1.0E-8,
            "learningRate" : 0.001
          },
          "kernelSize" : [ 3, 3 ],
          "l1" : 0.0,
          "l1Bias" : 0.0,
          "l2" : 0.0,
          "l2Bias" : 0.0,
          "layerName" : "block1_conv1",
          "nin" : 3,
          "nout" : 64,
          "padding" : [ 0, 0 ],
          "pretrain" : false,
          "stride" : [ 1, 1 ],
          "weightInit" : "XAVIER_UNIFORM",
          "weightNoise" : null
        },
        "maxNumLineSearchIterations" : 5,
        "miniBatch" : true,
        "minimize" : true,
        "optimizationAlgo" : "STOCHASTIC_GRADIENT_DESCENT",
        "pretrain" : false,
        "seed" : 1234,
        "stepFunction" : null,
        "variables" : [ "W", "b" ]
      },
      "outputVertex" : false,
      "preProcessor" : {
        "@class" : "org.deeplearning4j.nn.conf.preprocessor.FeedForwardToCnnPreProcessor",
        "inputHeight" : 32,
        "inputWidth" : 32,
        "numChannels" : 3
      }
    },
    "block1_conv2" : {
      "@class" : "org.deeplearning4j.nn.conf.graph.LayerVertex",
      "layerConf" : {
        "cacheMode" : null,
        "epochCount" : 0,
        "iterationCount" : 0,
        "layer" : {
          "@class" : "org.deeplearning4j.nn.conf.layers.ConvolutionLayer",
          "activationFn" : {
            "@class" : "org.nd4j.linalg.activations.impl.ActivationReLU"
          },
          "biasInit" : 0.0,
          "biasUpdater" : null,
          "constraints" : null,
          "convolutionMode" : "Same",
          "cudnnAlgoMode" : "PREFER_FASTEST",
          "cudnnAllowFallback" : true,
          "cudnnBwdDataAlgo" : null,
          "cudnnBwdFilterAlgo" : null,
          "cudnnFwdAlgo" : null,
          "dilation" : [ 1, 1 ],
          "dist" : null,
          "gradientNormalization" : "None",
          "gradientNormalizationThreshold" : 1.0,
          "hasBias" : true,
          "idropout" : null,
          "iupdater" : {
            "@class" : "org.nd4j.linalg.learning.config.Adam",
            "beta1" : 0.9,
            "beta2" : 0.999,
            "epsilon" : 1.0E-8,
            "learningRate" : 0.001
          },
          "kernelSize" : [ 3, 3 ],
          "l1" : 0.0,
          "l1Bias" : 0.0,
          "l2" : 0.0,
          "l2Bias" : 0.0,
          "layerName" : "block1_conv2",
          "nin" : 64,
          "nout" : 64,
          "padding" : [ 0, 0 ],
          "pretrain" : false,
          "stride" : [ 1, 1 ],
          "weightInit" : "XAVIER_UNIFORM",
          "weightNoise" : null
        },
        "maxNumLineSearchIterations" : 5,
        "miniBatch" : true,
        "minimize" : true,
        "optimizationAlgo" : "STOCHASTIC_GRADIENT_DESCENT",
        "pretrain" : false,
        "seed" : 1234,
        "stepFunction" : null,
        "variables" : [ "W", "b" ]
      },
      "outputVertex" : false,
      "preProcessor" : null
    },
    "block1_pool" : {
      "@class" : "org.deeplearning4j.nn.conf.graph.LayerVertex",
      "layerConf" : {
        "cacheMode" : null,
        "epochCount" : 0,
        "iterationCount" : 0,
        "layer" : {
          "@class" : "org.deeplearning4j.nn.conf.layers.SubsamplingLayer",
          "constraints" : null,
          "convolutionMode" : "Truncate",
          "cudnnAllowFallback" : true,
          "dilation" : [ 1, 1 ],
          "eps" : 1.0E-8,
          "gradientNormalization" : "None",
          "gradientNormalizationThreshold" : 0.0,
          "idropout" : null,
          "kernelSize" : [ 2, 2 ],
          "layerName" : "block1_pool",
          "padding" : [ 0, 0 ],
          "pnorm" : 0,
          "poolingType" : "MAX",
          "pretrain" : false,
          "stride" : [ 2, 2 ]
        },
        "maxNumLineSearchIterations" : 5,
        "miniBatch" : true,
        "minimize" : true,
        "optimizationAlgo" : "STOCHASTIC_GRADIENT_DESCENT",
        "pretrain" : false,
        "seed" : 1234,
        "stepFunction" : null,
        "variables" : [ ]
      },
      "outputVertex" : false,
      "preProcessor" : null
    },
    "block2_conv1" : {
      "@class" : "org.deeplearning4j.nn.conf.graph.LayerVertex",
      "layerConf" : {
        "cacheMode" : null,
        "epochCount" : 0,
        "iterationCount" : 0,
        "layer" : {
          "@class" : "org.deeplearning4j.nn.conf.layers.ConvolutionLayer",
          "activationFn" : {
            "@class" : "org.nd4j.linalg.activations.impl.ActivationReLU"
          },
          "biasInit" : 0.0,
          "biasUpdater" : null,
          "constraints" : null,
          "convolutionMode" : "Same",
          "cudnnAlgoMode" : "PREFER_FASTEST",
          "cudnnAllowFallback" : true,
          "cudnnBwdDataAlgo" : null,
          "cudnnBwdFilterAlgo" : null,
          "cudnnFwdAlgo" : null,
          "dilation" : [ 1, 1 ],
          "dist" : null,
          "gradientNormalization" : "None",
          "gradientNormalizationThreshold" : 1.0,
          "hasBias" : true,
          "idropout" : null,
          "iupdater" : {
            "@class" : "org.nd4j.linalg.learning.config.Adam",
            "beta1" : 0.9,
            "beta2" : 0.999,
            "epsilon" : 1.0E-8,
            "learningRate" : 0.001
          },
          "kernelSize" : [ 3, 3 ],
          "l1" : 0.0,
          "l1Bias" : 0.0,
          "l2" : 0.0,
          "l2Bias" : 0.0,
          "layerName" : "block2_conv1",
          "nin" : 64,
          "nout" : 128,
          "padding" : [ 0, 0 ],
          "pretrain" : false,
          "stride" : [ 1, 1 ],
          "weightInit" : "XAVIER_UNIFORM",
          "weightNoise" : null
        },
        "maxNumLineSearchIterations" : 5,
        "miniBatch" : true,
        "minimize" : true,
        "optimizationAlgo" : "STOCHASTIC_GRADIENT_DESCENT",
        "pretrain" : false,
        "seed" : 1234,
        "stepFunction" : null,
        "variables" : [ "W", "b" ]
      },
      "outputVertex" : false,
      "preProcessor" : null
    },
    "block2_conv2" : {
      "@class" : "org.deeplearning4j.nn.conf.graph.LayerVertex",
      "layerConf" : {
        "cacheMode" : null,
        "epochCount" : 0,
        "iterationCount" : 0,
        "layer" : {
          "@class" : "org.deeplearning4j.nn.conf.layers.ConvolutionLayer",
          "activationFn" : {
            "@class" : "org.nd4j.linalg.activations.impl.ActivationReLU"
          },
          "biasInit" : 0.0,
          "biasUpdater" : null,
          "constraints" : null,
          "convolutionMode" : "Same",
          "cudnnAlgoMode" : "PREFER_FASTEST",
          "cudnnAllowFallback" : true,
          "cudnnBwdDataAlgo" : null,
          "cudnnBwdFilterAlgo" : null,
          "cudnnFwdAlgo" : null,
          "dilation" : [ 1, 1 ],
          "dist" : null,
          "gradientNormalization" : "None",
          "gradientNormalizationThreshold" : 1.0,
          "hasBias" : true,
          "idropout" : null,
          "iupdater" : {
            "@class" : "org.nd4j.linalg.learning.config.Adam",
            "beta1" : 0.9,
            "beta2" : 0.999,
            "epsilon" : 1.0E-8,
            "learningRate" : 0.001
          },
          "kernelSize" : [ 3, 3 ],
          "l1" : 0.0,
          "l1Bias" : 0.0,
          "l2" : 0.0,
          "l2Bias" : 0.0,
          "layerName" : "block2_conv2",
          "nin" : 128,
          "nout" : 128,
          "padding" : [ 0, 0 ],
          "pretrain" : false,
          "stride" : [ 1, 1 ],
          "weightInit" : "XAVIER_UNIFORM",
          "weightNoise" : null
        },
        "maxNumLineSearchIterations" : 5,
        "miniBatch" : true,
        "minimize" : true,
        "optimizationAlgo" : "STOCHASTIC_GRADIENT_DESCENT",
        "pretrain" : false,
        "seed" : 1234,
        "stepFunction" : null,
        "variables" : [ "W", "b" ]
      },
      "outputVertex" : false,
      "preProcessor" : null
    },
    "block2_pool" : {
      "@class" : "org.deeplearning4j.nn.conf.graph.LayerVertex",
      "layerConf" : {
        "cacheMode" : null,
        "epochCount" : 0,
        "iterationCount" : 0,
        "layer" : {
          "@class" : "org.deeplearning4j.nn.conf.layers.SubsamplingLayer",
          "constraints" : null,
          "convolutionMode" : "Truncate",
          "cudnnAllowFallback" : true,
          "dilation" : [ 1, 1 ],
          "eps" : 1.0E-8,
          "gradientNormalization" : "None",
          "gradientNormalizationThreshold" : 0.0,
          "idropout" : null,
          "kernelSize" : [ 2, 2 ],
          "layerName" : "block2_pool",
          "padding" : [ 0, 0 ],
          "pnorm" : 0,
          "poolingType" : "MAX",
          "pretrain" : false,
          "stride" : [ 2, 2 ]
        },
        "maxNumLineSearchIterations" : 5,
        "miniBatch" : true,
        "minimize" : true,
        "optimizationAlgo" : "STOCHASTIC_GRADIENT_DESCENT",
        "pretrain" : false,
        "seed" : 1234,
        "stepFunction" : null,
        "variables" : [ ]
      },
      "outputVertex" : false,
      "preProcessor" : null
    },
    "block3_conv1" : {
      "@class" : "org.deeplearning4j.nn.conf.graph.LayerVertex",
      "layerConf" : {
        "cacheMode" : null,
        "epochCount" : 0,
        "iterationCount" : 0,
        "layer" : {
          "@class" : "org.deeplearning4j.nn.conf.layers.ConvolutionLayer",
          "activationFn" : {
            "@class" : "org.nd4j.linalg.activations.impl.ActivationReLU"
          },
          "biasInit" : 0.0,
          "biasUpdater" : null,
          "constraints" : null,
          "convolutionMode" : "Same",
          "cudnnAlgoMode" : "PREFER_FASTEST",
          "cudnnAllowFallback" : true,
          "cudnnBwdDataAlgo" : null,
          "cudnnBwdFilterAlgo" : null,
          "cudnnFwdAlgo" : null,
          "dilation" : [ 1, 1 ],
          "dist" : null,
          "gradientNormalization" : "None",
          "gradientNormalizationThreshold" : 1.0,
          "hasBias" : true,
          "idropout" : null,
          "iupdater" : {
            "@class" : "org.nd4j.linalg.learning.config.Adam",
            "beta1" : 0.9,
            "beta2" : 0.999,
            "epsilon" : 1.0E-8,
            "learningRate" : 0.001
          },
          "kernelSize" : [ 3, 3 ],
          "l1" : 0.0,
          "l1Bias" : 0.0,
          "l2" : 0.0,
          "l2Bias" : 0.0,
          "layerName" : "block3_conv1",
          "nin" : 128,
          "nout" : 256,
          "padding" : [ 0, 0 ],
          "pretrain" : false,
          "stride" : [ 1, 1 ],
          "weightInit" : "XAVIER_UNIFORM",
          "weightNoise" : null
        },
        "maxNumLineSearchIterations" : 5,
        "miniBatch" : true,
        "minimize" : true,
        "optimizationAlgo" : "STOCHASTIC_GRADIENT_DESCENT",
        "pretrain" : false,
        "seed" : 1234,
        "stepFunction" : null,
        "variables" : [ "W", "b" ]
      },
      "outputVertex" : false,
      "preProcessor" : null
    },
    "block3_conv2" : {
      "@class" : "org.deeplearning4j.nn.conf.graph.LayerVertex",
      "layerConf" : {
        "cacheMode" : null,
        "epochCount" : 0,
        "iterationCount" : 0,
        "layer" : {
          "@class" : "org.deeplearning4j.nn.conf.layers.ConvolutionLayer",
          "activationFn" : {
            "@class" : "org.nd4j.linalg.activations.impl.ActivationReLU"
          },
          "biasInit" : 0.0,
          "biasUpdater" : null,
          "constraints" : null,
          "convolutionMode" : "Same",
          "cudnnAlgoMode" : "PREFER_FASTEST",
          "cudnnAllowFallback" : true,
          "cudnnBwdDataAlgo" : null,
          "cudnnBwdFilterAlgo" : null,
          "cudnnFwdAlgo" : null,
          "dilation" : [ 1, 1 ],
          "dist" : null,
          "gradientNormalization" : "None",
          "gradientNormalizationThreshold" : 1.0,
          "hasBias" : true,
          "idropout" : null,
          "iupdater" : {
            "@class" : "org.nd4j.linalg.learning.config.Adam",
            "beta1" : 0.9,
            "beta2" : 0.999,
            "epsilon" : 1.0E-8,
            "learningRate" : 0.001
          },
          "kernelSize" : [ 3, 3 ],
          "l1" : 0.0,
          "l1Bias" : 0.0,
          "l2" : 0.0,
          "l2Bias" : 0.0,
          "layerName" : "block3_conv2",
          "nin" : 256,
          "nout" : 256,
          "padding" : [ 0, 0 ],
          "pretrain" : false,
          "stride" : [ 1, 1 ],
          "weightInit" : "XAVIER_UNIFORM",
          "weightNoise" : null
        },
        "maxNumLineSearchIterations" : 5,
        "miniBatch" : true,
        "minimize" : true,
        "optimizationAlgo" : "STOCHASTIC_GRADIENT_DESCENT",
        "pretrain" : false,
        "seed" : 1234,
        "stepFunction" : null,
        "variables" : [ "W", "b" ]
      },
      "outputVertex" : false,
      "preProcessor" : null
    },
    "block3_conv3" : {
      "@class" : "org.deeplearning4j.nn.conf.graph.LayerVertex",
      "layerConf" : {
        "cacheMode" : null,
        "epochCount" : 0,
        "iterationCount" : 0,
        "layer" : {
          "@class" : "org.deeplearning4j.nn.conf.layers.ConvolutionLayer",
          "activationFn" : {
            "@class" : "org.nd4j.linalg.activations.impl.ActivationReLU"
          },
          "biasInit" : 0.0,
          "biasUpdater" : null,
          "constraints" : null,
          "convolutionMode" : "Same",
          "cudnnAlgoMode" : "PREFER_FASTEST",
          "cudnnAllowFallback" : true,
          "cudnnBwdDataAlgo" : null,
          "cudnnBwdFilterAlgo" : null,
          "cudnnFwdAlgo" : null,
          "dilation" : [ 1, 1 ],
          "dist" : null,
          "gradientNormalization" : "None",
          "gradientNormalizationThreshold" : 1.0,
          "hasBias" : true,
          "idropout" : null,
          "iupdater" : {
            "@class" : "org.nd4j.linalg.learning.config.Adam",
            "beta1" : 0.9,
            "beta2" : 0.999,
            "epsilon" : 1.0E-8,
            "learningRate" : 0.001
          },
          "kernelSize" : [ 3, 3 ],
          "l1" : 0.0,
          "l1Bias" : 0.0,
          "l2" : 0.0,
          "l2Bias" : 0.0,
          "layerName" : "block3_conv3",
          "nin" : 256,
          "nout" : 256,
          "padding" : [ 0, 0 ],
          "pretrain" : false,
          "stride" : [ 1, 1 ],
          "weightInit" : "XAVIER_UNIFORM",
          "weightNoise" : null
        },
        "maxNumLineSearchIterations" : 5,
        "miniBatch" : true,
        "minimize" : true,
        "optimizationAlgo" : "STOCHASTIC_GRADIENT_DESCENT",
        "pretrain" : false,
        "seed" : 1234,
        "stepFunction" : null,
        "variables" : [ "W", "b" ]
      },
      "outputVertex" : false,
      "preProcessor" : null
    },
    "block3_pool" : {
      "@class" : "org.deeplearning4j.nn.conf.graph.LayerVertex",
      "layerConf" : {
        "cacheMode" : null,
        "epochCount" : 0,
        "iterationCount" : 0,
        "layer" : {
          "@class" : "org.deeplearning4j.nn.conf.layers.SubsamplingLayer",
          "constraints" : null,
          "convolutionMode" : "Truncate",
          "cudnnAllowFallback" : true,
          "dilation" : [ 1, 1 ],
          "eps" : 1.0E-8,
          "gradientNormalization" : "None",
          "gradientNormalizationThreshold" : 0.0,
          "idropout" : null,
          "kernelSize" : [ 2, 2 ],
          "layerName" : "block3_pool",
          "padding" : [ 0, 0 ],
          "pnorm" : 0,
          "poolingType" : "MAX",
          "pretrain" : false,
          "stride" : [ 2, 2 ]
        },
        "maxNumLineSearchIterations" : 5,
        "miniBatch" : true,
        "minimize" : true,
        "optimizationAlgo" : "STOCHASTIC_GRADIENT_DESCENT",
        "pretrain" : false,
        "seed" : 1234,
        "stepFunction" : null,
        "variables" : [ ]
      },
      "outputVertex" : false,
      "preProcessor" : null
    },
    "flatten_1" : {
      "@class" : "org.deeplearning4j.nn.conf.graph.PreprocessorVertex",
      "preProcessor" : {
        "@class" : "org.deeplearning4j.nn.modelimport.keras.preprocessors.TensorFlowCnnToFeedForwardPreProcessor",
        "inputHeight" : 4,
        "inputWidth" : 4,
        "numChannels" : 256
      }
    },
    "embeddings" : {
      "@class" : "org.deeplearning4j.nn.conf.graph.L2NormalizeVertex",
      "dimension" : [ ],
      "eps" : 1.0E-12
    },
    "dense_1" : {
      "@class" : "org.deeplearning4j.nn.conf.graph.LayerVertex",
      "layerConf" : {
        "cacheMode" : "NONE",
        "epochCount" : 0,
        "iterationCount" : 0,
        "layer" : {
          "@class" : "org.deeplearning4j.nn.conf.layers.DenseLayer",
          "activationFn" : {
            "@class" : "org.nd4j.linalg.activations.impl.ActivationReLU"
          },
          "biasInit" : 0.0,
          "biasUpdater" : null,
          "constraints" : null,
          "dist" : null,
          "gradientNormalization" : "None",
          "gradientNormalizationThreshold" : 1.0,
          "hasBias" : true,
          "idropout" : null,
          "iupdater" : {
            "@class" : "org.nd4j.linalg.learning.config.Adam",
            "beta1" : 0.9,
            "beta2" : 0.999,
            "epsilon" : 1.0E-8,
            "learningRate" : 0.001
          },
          "l1" : 0.0,
          "l1Bias" : 0.0,
          "l2" : 0.0,
          "l2Bias" : 0.0,
          "layerName" : "dense_1",
          "nin" : 4096,
          "nout" : 512,
          "pretrain" : false,
          "weightInit" : "XAVIER",
          "weightNoise" : null
        },
        "maxNumLineSearchIterations" : 5,
        "miniBatch" : true,
        "minimize" : true,
        "optimizationAlgo" : "STOCHASTIC_GRADIENT_DESCENT",
        "pretrain" : false,
        "seed" : 1234,
        "stepFunction" : null,
        "variables" : [ "W", "b" ]
      },
      "outputVertex" : false,
      "preProcessor" : null
    },
    "dropout" : {
      "@class" : "org.deeplearning4j.nn.conf.graph.LayerVertex",
      "layerConf" : {
        "cacheMode" : "NONE",
        "epochCount" : 0,
        "iterationCount" : 0,
        "layer" : {
          "@class" : "org.deeplearning4j.nn.conf.layers.DropoutLayer",
          "activationFn" : {
            "@class" : "org.nd4j.linalg.activations.impl.ActivationReLU"
          },
          "biasInit" : 0.0,
          "biasUpdater" : null,
          "constraints" : null,
          "dist" : null,
          "gradientNormalization" : "None",
          "gradientNormalizationThreshold" : 1.0,
          "idropout" : {
            "@class" : "org.deeplearning4j.nn.conf.dropout.Dropout",
            "p" : 0.5,
            "pschedule" : null
          },
          "iupdater" : {
            "@class" : "org.nd4j.linalg.learning.config.Adam",
            "beta1" : 0.9,
            "beta2" : 0.999,
            "epsilon" : 1.0E-8,
            "learningRate" : 0.001
          },
          "l1" : 0.0,
          "l1Bias" : 0.0,
          "l2" : 0.0,
          "l2Bias" : 0.0,
          "layerName" : "dropout",
          "nin" : 0,
          "nout" : 0,
          "pretrain" : false,
          "weightInit" : "XAVIER",
          "weightNoise" : null
        },
        "maxNumLineSearchIterations" : 5,
        "miniBatch" : true,
        "minimize" : true,
        "optimizationAlgo" : "STOCHASTIC_GRADIENT_DESCENT",
        "pretrain" : false,
        "seed" : 1234,
        "stepFunction" : null,
        "variables" : [ ]
      },
      "outputVertex" : false,
      "preProcessor" : null
    },
    "lossLayer" : {
      "@class" : "org.deeplearning4j.nn.conf.graph.LayerVertex",
      "layerConf" : {
        "cacheMode" : "NONE",
        "epochCount" : 0,
        "iterationCount" : 0,
        "layer" : {
          "@class" : "org.deeplearning4j.nn.conf.layers.CenterLossOutputLayer",
          "activationFn" : {
            "@class" : "org.nd4j.linalg.activations.impl.ActivationReLU"
          },
          "alpha" : 0.9,
          "biasInit" : 0.0,
          "biasUpdater" : null,
          "constraints" : null,
          "dist" : null,
          "gradientCheck" : false,
          "gradientNormalization" : "RenormalizeL2PerLayer",
          "gradientNormalizationThreshold" : 1.0,
          "hasBias" : true,
          "idropout" : null,
          "iupdater" : {
            "@class" : "org.nd4j.linalg.learning.config.Adam",
            "beta1" : 0.9,
            "beta2" : 0.999,
            "epsilon" : 1.0E-8,
            "learningRate" : 0.001
          },
          "l1" : 0.0,
          "l1Bias" : 0.0,
          "l2" : 0.0,
          "l2Bias" : 0.0,
          "lambda" : 1.0E-4,
          "layerName" : "lossLayer",
          "lossFn" : {
            "@class" : "org.nd4j.linalg.lossfunctions.impl.LossMSE",
            "configProperties" : false,
            "numOutputs" : -1
          },
          "nin" : 512,
          "nout" : 189,
          "pretrain" : false,
          "weightInit" : "XAVIER",
          "weightNoise" : null
        },
        "maxNumLineSearchIterations" : 5,
        "miniBatch" : true,
        "minimize" : true,
        "optimizationAlgo" : "STOCHASTIC_GRADIENT_DESCENT",
        "pretrain" : false,
        "seed" : 1234,
        "stepFunction" : null,
        "variables" : [ "W", "b", "cL" ]
      },
      "outputVertex" : false,
      "preProcessor" : null
    }
  }
}